{
  "entrypoint": "index.html",
  "shell": "src/hoverboard-app.html",
  "fragments": [
    "src/pages/blog-list.html",
    "src/pages/blog-page.html",
    "src/pages/cod-page.html",
    "src/pages/post-page.html",
    "src/pages/schedule-page.html",
    "src/pages/speakers-page.html",
    "src/pages/team-page.html"
  ],
  "sources": [
    "data/**/*",
    "images/**/*",
    "scripts/**/*",
    "src/**/*",
    "bower.json",
    "manifest.json"
  ],
  "extraDependencies": [
    "bower_components/webcomponentsjs/webcomponents-lite.min.js",
    "bower_components/app-storage/app-indexeddb-mirror/app-indexeddb-mirror-worker.js"
  ]
}
